Element Type,Details,Timestamp
Header,Quizás te interese,2024-06-04 13:47:16
Header,Filtros,2024-06-04 13:47:16
Header,Estatus,2024-06-04 13:47:16
Header,Opiniones,2024-06-04 13:47:16
Header,Precio,2024-06-04 13:47:16
Header,Marcas,2024-06-04 13:47:16
Header,Diagonal de la pantalla,2024-06-04 13:47:16
Header,Generación del procesador,2024-06-04 13:47:16
Header,Familia de procesador,2024-06-04 13:47:16
Header,Unidad de almacenamiento,2024-06-04 13:47:16
Header,Capacidad total de almacenaje,2024-06-04 13:47:16
Header,Capacidad total SSD,2024-06-04 13:47:16
Header,Capacidad total de HDD,2024-06-04 13:47:16
Header,Memoria interna,2024-06-04 13:47:16
Header,Tipo de memoria interna,2024-06-04 13:47:16
Header,Modelo de adaptador de gráficos discretos,2024-06-04 13:47:16
Header,Sistema operativo instalado,2024-06-04 13:47:16
Header,Pantalla táctil,2024-06-04 13:47:16
Header,Teclado numérico,2024-06-04 13:47:16
Header,Tipo HD,2024-06-04 13:47:16
Header,Laptops,2024-06-04 13:47:16
Header,Búsquedas recomendadas:,2024-06-04 13:47:16
Header,Laptops,2024-06-04 13:47:16
Header,¡Descarga nuestra app y obtén $100!,2024-06-04 13:47:16
Header,,2024-06-04 13:47:16
Header,,2024-06-04 13:47:16
Header,default text,2024-06-04 13:47:16
Header,Advertencia,2024-06-04 13:47:16
Header,,2024-06-04 13:47:16
Header,Vincular con,2024-06-04 13:47:16
Header,Se ha vinculado tu cuenta exitosamente,2024-06-04 13:47:16
Header,Vincular con,2024-06-04 13:47:16
Header,Se ha vinculado tu cuenta exitosamente,2024-06-04 13:47:16
Header,Vincular con,2024-06-04 13:47:16
Header,¿Deseas vincular tu cuenta?,2024-06-04 13:47:16
Header,Vincular con,2024-06-04 13:47:16
Header,¿Deseas vincular tu cuenta?,2024-06-04 13:47:16
Input Field,"Type: hidden, Name: cl",2024-06-04 13:47:16
Input Field,"Type: text, Name: searchparam",2024-06-04 13:47:16
Input Field,"Type: hidden, Name: unnamed",2024-06-04 13:47:16
Input Field,"Type: hidden, Name: unnamed",2024-06-04 13:47:16
Input Field,"Type: hidden, Name: unnamed",2024-06-04 13:47:16
Input Field,"Type: hidden, Name: unnamed",2024-06-04 13:47:16
Input Field,"Type: hidden, Name: unnamed",2024-06-04 13:47:16
Input Field,"Type: hidden, Name: lang",2024-06-04 13:47:16
Input Field,"Type: hidden, Name: cnid",2024-06-04 13:47:16
Input Field,"Type: hidden, Name: actcontrol",2024-06-04 13:47:16
Input Field,"Type: hidden, Name: pgNr",2024-06-04 13:47:16
Input Field,"Type: hidden, Name: errorDest",2024-06-04 13:47:16
Input Field,"Type: text, Name: user",2024-06-04 13:47:16
Input Field,"Type: password, Name: password",2024-06-04 13:47:16
Input Field,"Type: hidden, Name: foxarticle",2024-06-04 13:47:16
Input Field,"Type: hidden, Name: wishlist_list_index1",2024-06-04 13:47:16
Input Field,"Type: hidden, Name: lang",2024-06-04 13:47:16
Input Field,"Type: hidden, Name: cnid",2024-06-04 13:47:16
Input Field,"Type: hidden, Name: actcontrol",2024-06-04 13:47:16
Input Field,"Type: hidden, Name: cl",2024-06-04 13:47:16
Input Field,"Type: hidden, Name: fnc",2024-06-04 13:47:16
Input Field,"Type: hidden, Name: aid",2024-06-04 13:47:16
Input Field,"Type: hidden, Name: removecompare",2024-06-04 13:47:16
Input Field,"Type: hidden, Name: am",2024-06-04 13:47:16
Input Field,"Type: hidden, Name: cnid",2024-06-04 13:47:16
Input Field,"Type: hidden, Name: actcontrol",2024-06-04 13:47:16
Input Field,"Type: hidden, Name: cl",2024-06-04 13:47:16
Input Field,"Type: checkbox, Name: unnamed",2024-06-04 13:47:16
Input Field,"Type: checkbox, Name: unnamed",2024-06-04 13:47:16
Input Field,"Type: checkbox, Name: cpsp[instock]",2024-06-04 13:47:16
Input Field,"Type: checkbox, Name: cpsp[isoffer]",2024-06-04 13:47:16
Input Field,"Type: checkbox, Name: cpsp[envio]",2024-06-04 13:47:16
Input Field,"Type: checkbox, Name: cpsp[isnew]",2024-06-04 13:47:16
Input Field,"Type: checkbox, Name: cpsp[saldo]",2024-06-04 13:47:16
Input Field,"Type: checkbox, Name: unnamed",2024-06-04 13:47:16
Input Field,"Type: checkbox, Name: cpsp[ranking][]",2024-06-04 13:47:16
Input Field,"Type: checkbox, Name: cpsp[ranking][]",2024-06-04 13:47:16
Input Field,"Type: checkbox, Name: cpsp[ranking][]",2024-06-04 13:47:16
Input Field,"Type: checkbox, Name: cpsp[ranking][]",2024-06-04 13:47:16
Input Field,"Type: checkbox, Name: cpsp[ranking][]",2024-06-04 13:47:16
Input Field,"Type: text, Name: unnamed",2024-06-04 13:47:16
Input Field,"Type: text, Name: unnamed",2024-06-04 13:47:16
Input Field,"Type: text, Name: unnamed",2024-06-04 13:47:16
Input Field,"Type: text, Name: unnamed",2024-06-04 13:47:16
Input Field,"Type: checkbox, Name: unnamed",2024-06-04 13:47:16
Input Field,"Type: checkbox, Name: cpsp[man][]",2024-06-04 13:47:16
Input Field,"Type: checkbox, Name: cpsp[man][]",2024-06-04 13:47:16
Input Field,"Type: checkbox, Name: cpsp[man][]",2024-06-04 13:47:16
Input Field,"Type: checkbox, Name: cpsp[man][]",2024-06-04 13:47:16
Input Field,"Type: checkbox, Name: cpsp[man][]",2024-06-04 13:47:16
Input Field,"Type: checkbox, Name: cpsp[man][]",2024-06-04 13:47:16
Input Field,"Type: checkbox, Name: cpsp[man][]",2024-06-04 13:47:16
Input Field,"Type: checkbox, Name: cpsp[man][]",2024-06-04 13:47:16
Input Field,"Type: checkbox, Name: cpsp[man][]",2024-06-04 13:47:16
Input Field,"Type: checkbox, Name: cpsp[man][]",2024-06-04 13:47:16
Input Field,"Type: checkbox, Name: cpsp[man][]",2024-06-04 13:47:16
Input Field,"Type: checkbox, Name: cpsp[man][]",2024-06-04 13:47:16
Input Field,"Type: checkbox, Name: cpsp[man][]",2024-06-04 13:47:16
Input Field,"Type: checkbox, Name: cpsp[man][]",2024-06-04 13:47:16
Input Field,"Type: checkbox, Name: cpsp[man][]",2024-06-04 13:47:16
Input Field,"Type: checkbox, Name: cpsp[man][]",2024-06-04 13:47:16
Input Field,"Type: checkbox, Name: cpsp[man][]",2024-06-04 13:47:16
Input Field,"Type: checkbox, Name: cpsp[man][]",2024-06-04 13:47:16
Input Field,"Type: checkbox, Name: cpsp[man][]",2024-06-04 13:47:16
Input Field,"Type: checkbox, Name: cpsp[man][]",2024-06-04 13:47:16
Input Field,"Type: checkbox, Name: cpsp[man][]",2024-06-04 13:47:16
Input Field,"Type: checkbox, Name: cpsp[man][]",2024-06-04 13:47:16
Input Field,"Type: checkbox, Name: unnamed",2024-06-04 13:47:16
Input Field,"Type: checkbox, Name: cpsp[cklist][2081c403c2421f30152f2d51b179a758][]",2024-06-04 13:47:16
Input Field,"Type: checkbox, Name: cpsp[cklist][2081c403c2421f30152f2d51b179a758][]",2024-06-04 13:47:16
Input Field,"Type: checkbox, Name: cpsp[cklist][2081c403c2421f30152f2d51b179a758][]",2024-06-04 13:47:16
Input Field,"Type: checkbox, Name: cpsp[cklist][2081c403c2421f30152f2d51b179a758][]",2024-06-04 13:47:16
Input Field,"Type: checkbox, Name: cpsp[cklist][2081c403c2421f30152f2d51b179a758][]",2024-06-04 13:47:16
Input Field,"Type: checkbox, Name: cpsp[cklist][2081c403c2421f30152f2d51b179a758][]",2024-06-04 13:47:16
Input Field,"Type: checkbox, Name: cpsp[cklist][2081c403c2421f30152f2d51b179a758][]",2024-06-04 13:47:16
Input Field,"Type: checkbox, Name: cpsp[cklist][2081c403c2421f30152f2d51b179a758][]",2024-06-04 13:47:16
Input Field,"Type: checkbox, Name: cpsp[cklist][2081c403c2421f30152f2d51b179a758][]",2024-06-04 13:47:16
Input Field,"Type: checkbox, Name: cpsp[cklist][2081c403c2421f30152f2d51b179a758][]",2024-06-04 13:47:16
Input Field,"Type: checkbox, Name: cpsp[cklist][2081c403c2421f30152f2d51b179a758][]",2024-06-04 13:47:16
Input Field,"Type: checkbox, Name: cpsp[cklist][2081c403c2421f30152f2d51b179a758][]",2024-06-04 13:47:16
Input Field,"Type: checkbox, Name: cpsp[cklist][2081c403c2421f30152f2d51b179a758][]",2024-06-04 13:47:16
Input Field,"Type: checkbox, Name: cpsp[cklist][2081c403c2421f30152f2d51b179a758][]",2024-06-04 13:47:16
Input Field,"Type: checkbox, Name: cpsp[cklist][2081c403c2421f30152f2d51b179a758][]",2024-06-04 13:47:16
Input Field,"Type: checkbox, Name: cpsp[cklist][2081c403c2421f30152f2d51b179a758][]",2024-06-04 13:47:16
Input Field,"Type: checkbox, Name: cpsp[cklist][2081c403c2421f30152f2d51b179a758][]",2024-06-04 13:47:16
Input Field,"Type: checkbox, Name: cpsp[cklist][2081c403c2421f30152f2d51b179a758][]",2024-06-04 13:47:16
Input Field,"Type: checkbox, Name: cpsp[cklist][2081c403c2421f30152f2d51b179a758][]",2024-06-04 13:47:16
Input Field,"Type: checkbox, Name: cpsp[cklist][2081c403c2421f30152f2d51b179a758][]",2024-06-04 13:47:16
Input Field,"Type: checkbox, Name: cpsp[cklist][2081c403c2421f30152f2d51b179a758][]",2024-06-04 13:47:16
Input Field,"Type: checkbox, Name: cpsp[cklist][2081c403c2421f30152f2d51b179a758][]",2024-06-04 13:47:16
Input Field,"Type: checkbox, Name: unnamed",2024-06-04 13:47:16
Input Field,"Type: checkbox, Name: cpsp[cklist][d6413d6ecd50aea92b2ad4b8a2022d0a][]",2024-06-04 13:47:16
Input Field,"Type: checkbox, Name: cpsp[cklist][d6413d6ecd50aea92b2ad4b8a2022d0a][]",2024-06-04 13:47:16
Input Field,"Type: checkbox, Name: cpsp[cklist][d6413d6ecd50aea92b2ad4b8a2022d0a][]",2024-06-04 13:47:16
Input Field,"Type: checkbox, Name: cpsp[cklist][d6413d6ecd50aea92b2ad4b8a2022d0a][]",2024-06-04 13:47:16
Input Field,"Type: checkbox, Name: cpsp[cklist][d6413d6ecd50aea92b2ad4b8a2022d0a][]",2024-06-04 13:47:16
Input Field,"Type: checkbox, Name: cpsp[cklist][d6413d6ecd50aea92b2ad4b8a2022d0a][]",2024-06-04 13:47:16
Input Field,"Type: checkbox, Name: cpsp[cklist][d6413d6ecd50aea92b2ad4b8a2022d0a][]",2024-06-04 13:47:16
Input Field,"Type: checkbox, Name: cpsp[cklist][d6413d6ecd50aea92b2ad4b8a2022d0a][]",2024-06-04 13:47:16
Input Field,"Type: checkbox, Name: cpsp[cklist][d6413d6ecd50aea92b2ad4b8a2022d0a][]",2024-06-04 13:47:16
Input Field,"Type: checkbox, Name: cpsp[cklist][d6413d6ecd50aea92b2ad4b8a2022d0a][]",2024-06-04 13:47:16
Input Field,"Type: checkbox, Name: cpsp[cklist][d6413d6ecd50aea92b2ad4b8a2022d0a][]",2024-06-04 13:47:16
Input Field,"Type: checkbox, Name: cpsp[cklist][d6413d6ecd50aea92b2ad4b8a2022d0a][]",2024-06-04 13:47:16
Input Field,"Type: checkbox, Name: cpsp[cklist][d6413d6ecd50aea92b2ad4b8a2022d0a][]",2024-06-04 13:47:16
Input Field,"Type: checkbox, Name: cpsp[cklist][d6413d6ecd50aea92b2ad4b8a2022d0a][]",2024-06-04 13:47:16
Input Field,"Type: checkbox, Name: cpsp[cklist][d6413d6ecd50aea92b2ad4b8a2022d0a][]",2024-06-04 13:47:16
Input Field,"Type: checkbox, Name: cpsp[cklist][d6413d6ecd50aea92b2ad4b8a2022d0a][]",2024-06-04 13:47:16
Input Field,"Type: checkbox, Name: cpsp[cklist][d6413d6ecd50aea92b2ad4b8a2022d0a][]",2024-06-04 13:47:16
Input Field,"Type: checkbox, Name: cpsp[cklist][d6413d6ecd50aea92b2ad4b8a2022d0a][]",2024-06-04 13:47:16
Input Field,"Type: checkbox, Name: cpsp[cklist][d6413d6ecd50aea92b2ad4b8a2022d0a][]",2024-06-04 13:47:16
Input Field,"Type: checkbox, Name: cpsp[cklist][d6413d6ecd50aea92b2ad4b8a2022d0a][]",2024-06-04 13:47:16
Input Field,"Type: checkbox, Name: cpsp[cklist][d6413d6ecd50aea92b2ad4b8a2022d0a][]",2024-06-04 13:47:16
Input Field,"Type: checkbox, Name: cpsp[cklist][d6413d6ecd50aea92b2ad4b8a2022d0a][]",2024-06-04 13:47:16
Input Field,"Type: checkbox, Name: cpsp[cklist][d6413d6ecd50aea92b2ad4b8a2022d0a][]",2024-06-04 13:47:16
Input Field,"Type: checkbox, Name: cpsp[cklist][d6413d6ecd50aea92b2ad4b8a2022d0a][]",2024-06-04 13:47:16
Input Field,"Type: checkbox, Name: cpsp[cklist][d6413d6ecd50aea92b2ad4b8a2022d0a][]",2024-06-04 13:47:16
Input Field,"Type: checkbox, Name: cpsp[cklist][d6413d6ecd50aea92b2ad4b8a2022d0a][]",2024-06-04 13:47:16
Input Field,"Type: checkbox, Name: cpsp[cklist][d6413d6ecd50aea92b2ad4b8a2022d0a][]",2024-06-04 13:47:16
Input Field,"Type: checkbox, Name: cpsp[cklist][d6413d6ecd50aea92b2ad4b8a2022d0a][]",2024-06-04 13:47:16
Input Field,"Type: checkbox, Name: cpsp[cklist][d6413d6ecd50aea92b2ad4b8a2022d0a][]",2024-06-04 13:47:16
Input Field,"Type: checkbox, Name: cpsp[cklist][d6413d6ecd50aea92b2ad4b8a2022d0a][]",2024-06-04 13:47:16
Input Field,"Type: checkbox, Name: cpsp[cklist][d6413d6ecd50aea92b2ad4b8a2022d0a][]",2024-06-04 13:47:16
Input Field,"Type: checkbox, Name: cpsp[cklist][d6413d6ecd50aea92b2ad4b8a2022d0a][]",2024-06-04 13:47:16
Input Field,"Type: checkbox, Name: cpsp[cklist][d6413d6ecd50aea92b2ad4b8a2022d0a][]",2024-06-04 13:47:16
Input Field,"Type: checkbox, Name: cpsp[cklist][d6413d6ecd50aea92b2ad4b8a2022d0a][]",2024-06-04 13:47:16
Input Field,"Type: checkbox, Name: cpsp[cklist][d6413d6ecd50aea92b2ad4b8a2022d0a][]",2024-06-04 13:47:16
Input Field,"Type: checkbox, Name: cpsp[cklist][d6413d6ecd50aea92b2ad4b8a2022d0a][]",2024-06-04 13:47:16
Input Field,"Type: checkbox, Name: cpsp[cklist][d6413d6ecd50aea92b2ad4b8a2022d0a][]",2024-06-04 13:47:16
Input Field,"Type: checkbox, Name: cpsp[cklist][d6413d6ecd50aea92b2ad4b8a2022d0a][]",2024-06-04 13:47:16
Input Field,"Type: checkbox, Name: cpsp[cklist][d6413d6ecd50aea92b2ad4b8a2022d0a][]",2024-06-04 13:47:16
Input Field,"Type: checkbox, Name: cpsp[cklist][d6413d6ecd50aea92b2ad4b8a2022d0a][]",2024-06-04 13:47:16
Input Field,"Type: checkbox, Name: cpsp[cklist][d6413d6ecd50aea92b2ad4b8a2022d0a][]",2024-06-04 13:47:16
Input Field,"Type: checkbox, Name: cpsp[cklist][d6413d6ecd50aea92b2ad4b8a2022d0a][]",2024-06-04 13:47:16
Input Field,"Type: checkbox, Name: cpsp[cklist][d6413d6ecd50aea92b2ad4b8a2022d0a][]",2024-06-04 13:47:16
Input Field,"Type: checkbox, Name: cpsp[cklist][d6413d6ecd50aea92b2ad4b8a2022d0a][]",2024-06-04 13:47:16
Input Field,"Type: checkbox, Name: cpsp[cklist][d6413d6ecd50aea92b2ad4b8a2022d0a][]",2024-06-04 13:47:16
Input Field,"Type: checkbox, Name: cpsp[cklist][d6413d6ecd50aea92b2ad4b8a2022d0a][]",2024-06-04 13:47:16
Input Field,"Type: checkbox, Name: cpsp[cklist][d6413d6ecd50aea92b2ad4b8a2022d0a][]",2024-06-04 13:47:16
Input Field,"Type: checkbox, Name: cpsp[cklist][d6413d6ecd50aea92b2ad4b8a2022d0a][]",2024-06-04 13:47:16
Input Field,"Type: checkbox, Name: cpsp[cklist][d6413d6ecd50aea92b2ad4b8a2022d0a][]",2024-06-04 13:47:16
Input Field,"Type: checkbox, Name: cpsp[cklist][d6413d6ecd50aea92b2ad4b8a2022d0a][]",2024-06-04 13:47:16
Input Field,"Type: checkbox, Name: cpsp[cklist][d6413d6ecd50aea92b2ad4b8a2022d0a][]",2024-06-04 13:47:16
Input Field,"Type: checkbox, Name: cpsp[cklist][d6413d6ecd50aea92b2ad4b8a2022d0a][]",2024-06-04 13:47:16
Input Field,"Type: checkbox, Name: cpsp[cklist][d6413d6ecd50aea92b2ad4b8a2022d0a][]",2024-06-04 13:47:16
Input Field,"Type: checkbox, Name: cpsp[cklist][d6413d6ecd50aea92b2ad4b8a2022d0a][]",2024-06-04 13:47:16
Input Field,"Type: checkbox, Name: cpsp[cklist][d6413d6ecd50aea92b2ad4b8a2022d0a][]",2024-06-04 13:47:16
Input Field,"Type: checkbox, Name: cpsp[cklist][d6413d6ecd50aea92b2ad4b8a2022d0a][]",2024-06-04 13:47:16
Input Field,"Type: checkbox, Name: cpsp[cklist][d6413d6ecd50aea92b2ad4b8a2022d0a][]",2024-06-04 13:47:16
Input Field,"Type: checkbox, Name: cpsp[cklist][d6413d6ecd50aea92b2ad4b8a2022d0a][]",2024-06-04 13:47:16
Input Field,"Type: checkbox, Name: cpsp[cklist][d6413d6ecd50aea92b2ad4b8a2022d0a][]",2024-06-04 13:47:16
Input Field,"Type: checkbox, Name: cpsp[cklist][d6413d6ecd50aea92b2ad4b8a2022d0a][]",2024-06-04 13:47:16
Input Field,"Type: checkbox, Name: cpsp[cklist][d6413d6ecd50aea92b2ad4b8a2022d0a][]",2024-06-04 13:47:16
Input Field,"Type: checkbox, Name: cpsp[cklist][d6413d6ecd50aea92b2ad4b8a2022d0a][]",2024-06-04 13:47:16
Input Field,"Type: checkbox, Name: cpsp[cklist][d6413d6ecd50aea92b2ad4b8a2022d0a][]",2024-06-04 13:47:16
Input Field,"Type: checkbox, Name: cpsp[cklist][d6413d6ecd50aea92b2ad4b8a2022d0a][]",2024-06-04 13:47:16
Input Field,"Type: checkbox, Name: cpsp[cklist][d6413d6ecd50aea92b2ad4b8a2022d0a][]",2024-06-04 13:47:16
Input Field,"Type: checkbox, Name: cpsp[cklist][d6413d6ecd50aea92b2ad4b8a2022d0a][]",2024-06-04 13:47:16
Input Field,"Type: checkbox, Name: cpsp[cklist][d6413d6ecd50aea92b2ad4b8a2022d0a][]",2024-06-04 13:47:16
Input Field,"Type: checkbox, Name: cpsp[cklist][d6413d6ecd50aea92b2ad4b8a2022d0a][]",2024-06-04 13:47:16
Input Field,"Type: checkbox, Name: unnamed",2024-06-04 13:47:16
Input Field,"Type: checkbox, Name: cpsp[cklist][5bc233d56f846e361a722c358fa26371][]",2024-06-04 13:47:16
Input Field,"Type: checkbox, Name: cpsp[cklist][5bc233d56f846e361a722c358fa26371][]",2024-06-04 13:47:16
Input Field,"Type: checkbox, Name: cpsp[cklist][5bc233d56f846e361a722c358fa26371][]",2024-06-04 13:47:16
Input Field,"Type: checkbox, Name: cpsp[cklist][5bc233d56f846e361a722c358fa26371][]",2024-06-04 13:47:16
Input Field,"Type: checkbox, Name: cpsp[cklist][5bc233d56f846e361a722c358fa26371][]",2024-06-04 13:47:16
Input Field,"Type: checkbox, Name: cpsp[cklist][5bc233d56f846e361a722c358fa26371][]",2024-06-04 13:47:16
Input Field,"Type: checkbox, Name: cpsp[cklist][5bc233d56f846e361a722c358fa26371][]",2024-06-04 13:47:16
Input Field,"Type: checkbox, Name: cpsp[cklist][5bc233d56f846e361a722c358fa26371][]",2024-06-04 13:47:16
Input Field,"Type: checkbox, Name: cpsp[cklist][5bc233d56f846e361a722c358fa26371][]",2024-06-04 13:47:16
Input Field,"Type: checkbox, Name: cpsp[cklist][5bc233d56f846e361a722c358fa26371][]",2024-06-04 13:47:16
Input Field,"Type: checkbox, Name: cpsp[cklist][5bc233d56f846e361a722c358fa26371][]",2024-06-04 13:47:16
Input Field,"Type: checkbox, Name: cpsp[cklist][5bc233d56f846e361a722c358fa26371][]",2024-06-04 13:47:16
Input Field,"Type: checkbox, Name: cpsp[cklist][5bc233d56f846e361a722c358fa26371][]",2024-06-04 13:47:16
Input Field,"Type: checkbox, Name: cpsp[cklist][5bc233d56f846e361a722c358fa26371][]",2024-06-04 13:47:16
Input Field,"Type: checkbox, Name: cpsp[cklist][5bc233d56f846e361a722c358fa26371][]",2024-06-04 13:47:16
Input Field,"Type: checkbox, Name: cpsp[cklist][5bc233d56f846e361a722c358fa26371][]",2024-06-04 13:47:16
Input Field,"Type: checkbox, Name: cpsp[cklist][5bc233d56f846e361a722c358fa26371][]",2024-06-04 13:47:16
Input Field,"Type: checkbox, Name: cpsp[cklist][5bc233d56f846e361a722c358fa26371][]",2024-06-04 13:47:16
Input Field,"Type: checkbox, Name: cpsp[cklist][5bc233d56f846e361a722c358fa26371][]",2024-06-04 13:47:16
Input Field,"Type: checkbox, Name: cpsp[cklist][5bc233d56f846e361a722c358fa26371][]",2024-06-04 13:47:16
Input Field,"Type: checkbox, Name: cpsp[cklist][5bc233d56f846e361a722c358fa26371][]",2024-06-04 13:47:16
Input Field,"Type: checkbox, Name: cpsp[cklist][5bc233d56f846e361a722c358fa26371][]",2024-06-04 13:47:16
Input Field,"Type: checkbox, Name: cpsp[cklist][5bc233d56f846e361a722c358fa26371][]",2024-06-04 13:47:16
Input Field,"Type: checkbox, Name: cpsp[cklist][5bc233d56f846e361a722c358fa26371][]",2024-06-04 13:47:16
Input Field,"Type: checkbox, Name: cpsp[cklist][5bc233d56f846e361a722c358fa26371][]",2024-06-04 13:47:16
Input Field,"Type: checkbox, Name: cpsp[cklist][5bc233d56f846e361a722c358fa26371][]",2024-06-04 13:47:16
Input Field,"Type: checkbox, Name: cpsp[cklist][5bc233d56f846e361a722c358fa26371][]",2024-06-04 13:47:16
Input Field,"Type: checkbox, Name: cpsp[cklist][5bc233d56f846e361a722c358fa26371][]",2024-06-04 13:47:16
Input Field,"Type: checkbox, Name: cpsp[cklist][5bc233d56f846e361a722c358fa26371][]",2024-06-04 13:47:16
Input Field,"Type: checkbox, Name: cpsp[cklist][5bc233d56f846e361a722c358fa26371][]",2024-06-04 13:47:16
Input Field,"Type: checkbox, Name: cpsp[cklist][5bc233d56f846e361a722c358fa26371][]",2024-06-04 13:47:16
Input Field,"Type: checkbox, Name: cpsp[cklist][5bc233d56f846e361a722c358fa26371][]",2024-06-04 13:47:16
Input Field,"Type: checkbox, Name: cpsp[cklist][5bc233d56f846e361a722c358fa26371][]",2024-06-04 13:47:16
Input Field,"Type: checkbox, Name: cpsp[cklist][5bc233d56f846e361a722c358fa26371][]",2024-06-04 13:47:16
Input Field,"Type: checkbox, Name: cpsp[cklist][5bc233d56f846e361a722c358fa26371][]",2024-06-04 13:47:16
Input Field,"Type: checkbox, Name: cpsp[cklist][5bc233d56f846e361a722c358fa26371][]",2024-06-04 13:47:16
Input Field,"Type: checkbox, Name: cpsp[cklist][5bc233d56f846e361a722c358fa26371][]",2024-06-04 13:47:16
Input Field,"Type: checkbox, Name: cpsp[cklist][5bc233d56f846e361a722c358fa26371][]",2024-06-04 13:47:16
Input Field,"Type: checkbox, Name: cpsp[cklist][5bc233d56f846e361a722c358fa26371][]",2024-06-04 13:47:16
Input Field,"Type: checkbox, Name: cpsp[cklist][5bc233d56f846e361a722c358fa26371][]",2024-06-04 13:47:16
Input Field,"Type: checkbox, Name: cpsp[cklist][5bc233d56f846e361a722c358fa26371][]",2024-06-04 13:47:16
Input Field,"Type: checkbox, Name: cpsp[cklist][5bc233d56f846e361a722c358fa26371][]",2024-06-04 13:47:16
Input Field,"Type: checkbox, Name: cpsp[cklist][5bc233d56f846e361a722c358fa26371][]",2024-06-04 13:47:16
Input Field,"Type: checkbox, Name: cpsp[cklist][5bc233d56f846e361a722c358fa26371][]",2024-06-04 13:47:16
Input Field,"Type: checkbox, Name: cpsp[cklist][5bc233d56f846e361a722c358fa26371][]",2024-06-04 13:47:16
Input Field,"Type: checkbox, Name: cpsp[cklist][5bc233d56f846e361a722c358fa26371][]",2024-06-04 13:47:16
Input Field,"Type: checkbox, Name: cpsp[cklist][5bc233d56f846e361a722c358fa26371][]",2024-06-04 13:47:16
Input Field,"Type: checkbox, Name: cpsp[cklist][5bc233d56f846e361a722c358fa26371][]",2024-06-04 13:47:16
Input Field,"Type: checkbox, Name: cpsp[cklist][5bc233d56f846e361a722c358fa26371][]",2024-06-04 13:47:16
Input Field,"Type: checkbox, Name: cpsp[cklist][5bc233d56f846e361a722c358fa26371][]",2024-06-04 13:47:16
Input Field,"Type: checkbox, Name: cpsp[cklist][5bc233d56f846e361a722c358fa26371][]",2024-06-04 13:47:16
Input Field,"Type: checkbox, Name: cpsp[cklist][5bc233d56f846e361a722c358fa26371][]",2024-06-04 13:47:16
Input Field,"Type: checkbox, Name: cpsp[cklist][5bc233d56f846e361a722c358fa26371][]",2024-06-04 13:47:16
Input Field,"Type: checkbox, Name: cpsp[cklist][5bc233d56f846e361a722c358fa26371][]",2024-06-04 13:47:16
Input Field,"Type: checkbox, Name: cpsp[cklist][5bc233d56f846e361a722c358fa26371][]",2024-06-04 13:47:16
Input Field,"Type: checkbox, Name: unnamed",2024-06-04 13:47:16
Input Field,"Type: checkbox, Name: cpsp[cklist][a7a7b8c9f5767ba4ec7758f44d5b70f1][]",2024-06-04 13:47:16
Input Field,"Type: checkbox, Name: cpsp[cklist][a7a7b8c9f5767ba4ec7758f44d5b70f1][]",2024-06-04 13:47:16
Input Field,"Type: checkbox, Name: cpsp[cklist][a7a7b8c9f5767ba4ec7758f44d5b70f1][]",2024-06-04 13:47:16
Input Field,"Type: checkbox, Name: cpsp[cklist][a7a7b8c9f5767ba4ec7758f44d5b70f1][]",2024-06-04 13:47:16
Input Field,"Type: checkbox, Name: cpsp[cklist][a7a7b8c9f5767ba4ec7758f44d5b70f1][]",2024-06-04 13:47:16
Input Field,"Type: checkbox, Name: cpsp[cklist][a7a7b8c9f5767ba4ec7758f44d5b70f1][]",2024-06-04 13:47:16
Input Field,"Type: checkbox, Name: cpsp[cklist][a7a7b8c9f5767ba4ec7758f44d5b70f1][]",2024-06-04 13:47:16
Input Field,"Type: checkbox, Name: cpsp[cklist][a7a7b8c9f5767ba4ec7758f44d5b70f1][]",2024-06-04 13:47:16
Input Field,"Type: checkbox, Name: unnamed",2024-06-04 13:47:16
Input Field,"Type: checkbox, Name: cpsp[cklist][b0219eed6eb536b016e2d59cc0504869][]",2024-06-04 13:47:16
Input Field,"Type: checkbox, Name: cpsp[cklist][b0219eed6eb536b016e2d59cc0504869][]",2024-06-04 13:47:16
Input Field,"Type: checkbox, Name: cpsp[cklist][b0219eed6eb536b016e2d59cc0504869][]",2024-06-04 13:47:16
Input Field,"Type: checkbox, Name: cpsp[cklist][b0219eed6eb536b016e2d59cc0504869][]",2024-06-04 13:47:16
Input Field,"Type: checkbox, Name: cpsp[cklist][b0219eed6eb536b016e2d59cc0504869][]",2024-06-04 13:47:16
Input Field,"Type: checkbox, Name: cpsp[cklist][b0219eed6eb536b016e2d59cc0504869][]",2024-06-04 13:47:16
Input Field,"Type: checkbox, Name: cpsp[cklist][b0219eed6eb536b016e2d59cc0504869][]",2024-06-04 13:47:16
Input Field,"Type: checkbox, Name: cpsp[cklist][b0219eed6eb536b016e2d59cc0504869][]",2024-06-04 13:47:16
Input Field,"Type: checkbox, Name: cpsp[cklist][b0219eed6eb536b016e2d59cc0504869][]",2024-06-04 13:47:16
Input Field,"Type: checkbox, Name: cpsp[cklist][b0219eed6eb536b016e2d59cc0504869][]",2024-06-04 13:47:16
Input Field,"Type: checkbox, Name: cpsp[cklist][b0219eed6eb536b016e2d59cc0504869][]",2024-06-04 13:47:16
Input Field,"Type: checkbox, Name: cpsp[cklist][b0219eed6eb536b016e2d59cc0504869][]",2024-06-04 13:47:16
Input Field,"Type: checkbox, Name: cpsp[cklist][b0219eed6eb536b016e2d59cc0504869][]",2024-06-04 13:47:16
Input Field,"Type: checkbox, Name: cpsp[cklist][b0219eed6eb536b016e2d59cc0504869][]",2024-06-04 13:47:16
Input Field,"Type: checkbox, Name: cpsp[cklist][b0219eed6eb536b016e2d59cc0504869][]",2024-06-04 13:47:16
Input Field,"Type: checkbox, Name: cpsp[cklist][b0219eed6eb536b016e2d59cc0504869][]",2024-06-04 13:47:16
Input Field,"Type: checkbox, Name: cpsp[cklist][b0219eed6eb536b016e2d59cc0504869][]",2024-06-04 13:47:16
Input Field,"Type: checkbox, Name: unnamed",2024-06-04 13:47:16
Input Field,"Type: checkbox, Name: cpsp[cklist][f3c5ac8bbc26b4f1ff47caf92150b2c3][]",2024-06-04 13:47:16
Input Field,"Type: checkbox, Name: cpsp[cklist][f3c5ac8bbc26b4f1ff47caf92150b2c3][]",2024-06-04 13:47:16
Input Field,"Type: checkbox, Name: cpsp[cklist][f3c5ac8bbc26b4f1ff47caf92150b2c3][]",2024-06-04 13:47:16
Input Field,"Type: checkbox, Name: cpsp[cklist][f3c5ac8bbc26b4f1ff47caf92150b2c3][]",2024-06-04 13:47:16
Input Field,"Type: checkbox, Name: cpsp[cklist][f3c5ac8bbc26b4f1ff47caf92150b2c3][]",2024-06-04 13:47:16
Input Field,"Type: checkbox, Name: cpsp[cklist][f3c5ac8bbc26b4f1ff47caf92150b2c3][]",2024-06-04 13:47:16
Input Field,"Type: checkbox, Name: cpsp[cklist][f3c5ac8bbc26b4f1ff47caf92150b2c3][]",2024-06-04 13:47:16
Input Field,"Type: checkbox, Name: cpsp[cklist][f3c5ac8bbc26b4f1ff47caf92150b2c3][]",2024-06-04 13:47:16
Input Field,"Type: checkbox, Name: unnamed",2024-06-04 13:47:16
Input Field,"Type: checkbox, Name: cpsp[cklist][65776b20751c394971fa35d4f3055778][]",2024-06-04 13:47:16
Input Field,"Type: checkbox, Name: cpsp[cklist][65776b20751c394971fa35d4f3055778][]",2024-06-04 13:47:16
Input Field,"Type: checkbox, Name: cpsp[cklist][65776b20751c394971fa35d4f3055778][]",2024-06-04 13:47:16
Input Field,"Type: checkbox, Name: unnamed",2024-06-04 13:47:16
Input Field,"Type: checkbox, Name: cpsp[cklist][56d9cf36c2c9295c47e28238fda80532][]",2024-06-04 13:47:16
Input Field,"Type: checkbox, Name: cpsp[cklist][56d9cf36c2c9295c47e28238fda80532][]",2024-06-04 13:47:16
Input Field,"Type: checkbox, Name: cpsp[cklist][56d9cf36c2c9295c47e28238fda80532][]",2024-06-04 13:47:16
Input Field,"Type: checkbox, Name: cpsp[cklist][56d9cf36c2c9295c47e28238fda80532][]",2024-06-04 13:47:16
Input Field,"Type: checkbox, Name: cpsp[cklist][56d9cf36c2c9295c47e28238fda80532][]",2024-06-04 13:47:16
Input Field,"Type: checkbox, Name: cpsp[cklist][56d9cf36c2c9295c47e28238fda80532][]",2024-06-04 13:47:16
Input Field,"Type: checkbox, Name: cpsp[cklist][56d9cf36c2c9295c47e28238fda80532][]",2024-06-04 13:47:16
Input Field,"Type: checkbox, Name: cpsp[cklist][56d9cf36c2c9295c47e28238fda80532][]",2024-06-04 13:47:16
Input Field,"Type: checkbox, Name: cpsp[cklist][56d9cf36c2c9295c47e28238fda80532][]",2024-06-04 13:47:16
Input Field,"Type: checkbox, Name: cpsp[cklist][56d9cf36c2c9295c47e28238fda80532][]",2024-06-04 13:47:16
Input Field,"Type: checkbox, Name: cpsp[cklist][56d9cf36c2c9295c47e28238fda80532][]",2024-06-04 13:47:16
Input Field,"Type: checkbox, Name: cpsp[cklist][56d9cf36c2c9295c47e28238fda80532][]",2024-06-04 13:47:16
Input Field,"Type: checkbox, Name: unnamed",2024-06-04 13:47:16
Input Field,"Type: checkbox, Name: cpsp[cklist][541dee00ceec9f3c35d1c82e8d8cde89][]",2024-06-04 13:47:16
Input Field,"Type: checkbox, Name: cpsp[cklist][541dee00ceec9f3c35d1c82e8d8cde89][]",2024-06-04 13:47:16
Input Field,"Type: checkbox, Name: cpsp[cklist][541dee00ceec9f3c35d1c82e8d8cde89][]",2024-06-04 13:47:16
Input Field,"Type: checkbox, Name: cpsp[cklist][541dee00ceec9f3c35d1c82e8d8cde89][]",2024-06-04 13:47:16
Input Field,"Type: checkbox, Name: cpsp[cklist][541dee00ceec9f3c35d1c82e8d8cde89][]",2024-06-04 13:47:16
Input Field,"Type: checkbox, Name: cpsp[cklist][541dee00ceec9f3c35d1c82e8d8cde89][]",2024-06-04 13:47:16
Input Field,"Type: checkbox, Name: cpsp[cklist][541dee00ceec9f3c35d1c82e8d8cde89][]",2024-06-04 13:47:16
Input Field,"Type: checkbox, Name: cpsp[cklist][541dee00ceec9f3c35d1c82e8d8cde89][]",2024-06-04 13:47:16
Input Field,"Type: checkbox, Name: cpsp[cklist][541dee00ceec9f3c35d1c82e8d8cde89][]",2024-06-04 13:47:16
Input Field,"Type: checkbox, Name: cpsp[cklist][541dee00ceec9f3c35d1c82e8d8cde89][]",2024-06-04 13:47:16
Input Field,"Type: checkbox, Name: cpsp[cklist][541dee00ceec9f3c35d1c82e8d8cde89][]",2024-06-04 13:47:16
Input Field,"Type: checkbox, Name: unnamed",2024-06-04 13:47:16
Input Field,"Type: checkbox, Name: cpsp[cklist][c081d3e79b36098abe5215c87b3c5db2][]",2024-06-04 13:47:16
Input Field,"Type: checkbox, Name: cpsp[cklist][c081d3e79b36098abe5215c87b3c5db2][]",2024-06-04 13:47:16
Input Field,"Type: checkbox, Name: cpsp[cklist][c081d3e79b36098abe5215c87b3c5db2][]",2024-06-04 13:47:16
Input Field,"Type: checkbox, Name: cpsp[cklist][c081d3e79b36098abe5215c87b3c5db2][]",2024-06-04 13:47:16
Input Field,"Type: checkbox, Name: cpsp[cklist][c081d3e79b36098abe5215c87b3c5db2][]",2024-06-04 13:47:16
Input Field,"Type: checkbox, Name: cpsp[cklist][c081d3e79b36098abe5215c87b3c5db2][]",2024-06-04 13:47:16
Input Field,"Type: checkbox, Name: cpsp[cklist][c081d3e79b36098abe5215c87b3c5db2][]",2024-06-04 13:47:16
Input Field,"Type: checkbox, Name: cpsp[cklist][c081d3e79b36098abe5215c87b3c5db2][]",2024-06-04 13:47:16
Input Field,"Type: checkbox, Name: cpsp[cklist][c081d3e79b36098abe5215c87b3c5db2][]",2024-06-04 13:47:16
Input Field,"Type: checkbox, Name: cpsp[cklist][c081d3e79b36098abe5215c87b3c5db2][]",2024-06-04 13:47:16
Input Field,"Type: checkbox, Name: cpsp[cklist][c081d3e79b36098abe5215c87b3c5db2][]",2024-06-04 13:47:16
Input Field,"Type: checkbox, Name: cpsp[cklist][c081d3e79b36098abe5215c87b3c5db2][]",2024-06-04 13:47:16
Input Field,"Type: checkbox, Name: cpsp[cklist][c081d3e79b36098abe5215c87b3c5db2][]",2024-06-04 13:47:16
Input Field,"Type: checkbox, Name: cpsp[cklist][c081d3e79b36098abe5215c87b3c5db2][]",2024-06-04 13:47:16
Input Field,"Type: checkbox, Name: cpsp[cklist][c081d3e79b36098abe5215c87b3c5db2][]",2024-06-04 13:47:16
Input Field,"Type: checkbox, Name: cpsp[cklist][c081d3e79b36098abe5215c87b3c5db2][]",2024-06-04 13:47:16
Input Field,"Type: checkbox, Name: cpsp[cklist][c081d3e79b36098abe5215c87b3c5db2][]",2024-06-04 13:47:16
Input Field,"Type: checkbox, Name: cpsp[cklist][c081d3e79b36098abe5215c87b3c5db2][]",2024-06-04 13:47:16
Input Field,"Type: checkbox, Name: cpsp[cklist][c081d3e79b36098abe5215c87b3c5db2][]",2024-06-04 13:47:16
Input Field,"Type: checkbox, Name: cpsp[cklist][c081d3e79b36098abe5215c87b3c5db2][]",2024-06-04 13:47:16
Input Field,"Type: checkbox, Name: cpsp[cklist][c081d3e79b36098abe5215c87b3c5db2][]",2024-06-04 13:47:16
Input Field,"Type: checkbox, Name: cpsp[cklist][c081d3e79b36098abe5215c87b3c5db2][]",2024-06-04 13:47:16
Input Field,"Type: checkbox, Name: cpsp[cklist][c081d3e79b36098abe5215c87b3c5db2][]",2024-06-04 13:47:16
Input Field,"Type: checkbox, Name: cpsp[cklist][c081d3e79b36098abe5215c87b3c5db2][]",2024-06-04 13:47:16
Input Field,"Type: checkbox, Name: cpsp[cklist][c081d3e79b36098abe5215c87b3c5db2][]",2024-06-04 13:47:16
Input Field,"Type: checkbox, Name: cpsp[cklist][c081d3e79b36098abe5215c87b3c5db2][]",2024-06-04 13:47:16
Input Field,"Type: checkbox, Name: cpsp[cklist][c081d3e79b36098abe5215c87b3c5db2][]",2024-06-04 13:47:16
Input Field,"Type: checkbox, Name: cpsp[cklist][c081d3e79b36098abe5215c87b3c5db2][]",2024-06-04 13:47:16
Input Field,"Type: checkbox, Name: cpsp[cklist][c081d3e79b36098abe5215c87b3c5db2][]",2024-06-04 13:47:16
Input Field,"Type: checkbox, Name: cpsp[cklist][c081d3e79b36098abe5215c87b3c5db2][]",2024-06-04 13:47:16
Input Field,"Type: checkbox, Name: cpsp[cklist][c081d3e79b36098abe5215c87b3c5db2][]",2024-06-04 13:47:16
Input Field,"Type: checkbox, Name: cpsp[cklist][c081d3e79b36098abe5215c87b3c5db2][]",2024-06-04 13:47:16
Input Field,"Type: checkbox, Name: cpsp[cklist][c081d3e79b36098abe5215c87b3c5db2][]",2024-06-04 13:47:16
Input Field,"Type: checkbox, Name: cpsp[cklist][c081d3e79b36098abe5215c87b3c5db2][]",2024-06-04 13:47:16
Input Field,"Type: checkbox, Name: cpsp[cklist][c081d3e79b36098abe5215c87b3c5db2][]",2024-06-04 13:47:16
Input Field,"Type: checkbox, Name: cpsp[cklist][c081d3e79b36098abe5215c87b3c5db2][]",2024-06-04 13:47:16
Input Field,"Type: checkbox, Name: cpsp[cklist][c081d3e79b36098abe5215c87b3c5db2][]",2024-06-04 13:47:16
Input Field,"Type: checkbox, Name: cpsp[cklist][c081d3e79b36098abe5215c87b3c5db2][]",2024-06-04 13:47:16
Input Field,"Type: checkbox, Name: unnamed",2024-06-04 13:47:16
Input Field,"Type: checkbox, Name: cpsp[cklist][6cb9aa366c67a6c98e4145c47ef28ce1][]",2024-06-04 13:47:16
Input Field,"Type: checkbox, Name: cpsp[cklist][6cb9aa366c67a6c98e4145c47ef28ce1][]",2024-06-04 13:47:16
Input Field,"Type: checkbox, Name: cpsp[cklist][6cb9aa366c67a6c98e4145c47ef28ce1][]",2024-06-04 13:47:16
Input Field,"Type: checkbox, Name: cpsp[cklist][6cb9aa366c67a6c98e4145c47ef28ce1][]",2024-06-04 13:47:16
Input Field,"Type: checkbox, Name: cpsp[cklist][6cb9aa366c67a6c98e4145c47ef28ce1][]",2024-06-04 13:47:16
Input Field,"Type: checkbox, Name: cpsp[cklist][6cb9aa366c67a6c98e4145c47ef28ce1][]",2024-06-04 13:47:16
Input Field,"Type: checkbox, Name: cpsp[cklist][6cb9aa366c67a6c98e4145c47ef28ce1][]",2024-06-04 13:47:16
Input Field,"Type: checkbox, Name: cpsp[cklist][6cb9aa366c67a6c98e4145c47ef28ce1][]",2024-06-04 13:47:16
Input Field,"Type: checkbox, Name: cpsp[cklist][6cb9aa366c67a6c98e4145c47ef28ce1][]",2024-06-04 13:47:16
Input Field,"Type: checkbox, Name: cpsp[cklist][6cb9aa366c67a6c98e4145c47ef28ce1][]",2024-06-04 13:47:16
Input Field,"Type: checkbox, Name: cpsp[cklist][6cb9aa366c67a6c98e4145c47ef28ce1][]",2024-06-04 13:47:16
Input Field,"Type: checkbox, Name: cpsp[cklist][6cb9aa366c67a6c98e4145c47ef28ce1][]",2024-06-04 13:47:16
Input Field,"Type: checkbox, Name: cpsp[cklist][6cb9aa366c67a6c98e4145c47ef28ce1][]",2024-06-04 13:47:16
Input Field,"Type: checkbox, Name: unnamed",2024-06-04 13:47:16
Input Field,"Type: checkbox, Name: cpsp[cklist][21a48fd41cba51edc1039789543ec741][]",2024-06-04 13:47:16
Input Field,"Type: checkbox, Name: cpsp[cklist][21a48fd41cba51edc1039789543ec741][]",2024-06-04 13:47:16
Input Field,"Type: checkbox, Name: unnamed",2024-06-04 13:47:16
Input Field,"Type: checkbox, Name: cpsp[cklist][820365de871ddaddcc622f81939f6f5f][]",2024-06-04 13:47:16
Input Field,"Type: checkbox, Name: cpsp[cklist][820365de871ddaddcc622f81939f6f5f][]",2024-06-04 13:47:16
Input Field,"Type: checkbox, Name: unnamed",2024-06-04 13:47:16
Input Field,"Type: checkbox, Name: cpsp[cklist][bf94237f2aedc552ef873adbeae21ddd][]",2024-06-04 13:47:16
Input Field,"Type: checkbox, Name: cpsp[cklist][bf94237f2aedc552ef873adbeae21ddd][]",2024-06-04 13:47:16
Input Field,"Type: checkbox, Name: cpsp[cklist][bf94237f2aedc552ef873adbeae21ddd][]",2024-06-04 13:47:16
Input Field,"Type: checkbox, Name: cpsp[cklist][bf94237f2aedc552ef873adbeae21ddd][]",2024-06-04 13:47:16
Input Field,"Type: checkbox, Name: cpsp[cklist][bf94237f2aedc552ef873adbeae21ddd][]",2024-06-04 13:47:16
Input Field,"Type: checkbox, Name: cpsp[cklist][bf94237f2aedc552ef873adbeae21ddd][]",2024-06-04 13:47:16
Input Field,"Type: checkbox, Name: cpsp[cklist][bf94237f2aedc552ef873adbeae21ddd][]",2024-06-04 13:47:16
Input Field,"Type: checkbox, Name: cpsp[cklist][bf94237f2aedc552ef873adbeae21ddd][]",2024-06-04 13:47:16
Input Field,"Type: checkbox, Name: cpsp[cklist][bf94237f2aedc552ef873adbeae21ddd][]",2024-06-04 13:47:16
Input Field,"Type: checkbox, Name: cpsp[cklist][bf94237f2aedc552ef873adbeae21ddd][]",2024-06-04 13:47:16
Input Field,"Type: checkbox, Name: cpsp[cklist][bf94237f2aedc552ef873adbeae21ddd][]",2024-06-04 13:47:16
Input Field,"Type: checkbox, Name: cpsp[cklist][bf94237f2aedc552ef873adbeae21ddd][]",2024-06-04 13:47:16
Input Field,"Type: checkbox, Name: cpsp[cklist][bf94237f2aedc552ef873adbeae21ddd][]",2024-06-04 13:47:16
Input Field,"Type: checkbox, Name: cpsp[cklist][bf94237f2aedc552ef873adbeae21ddd][]",2024-06-04 13:47:16
Input Field,"Type: checkbox, Name: cpsp[cklist][bf94237f2aedc552ef873adbeae21ddd][]",2024-06-04 13:47:16
Input Field,"Type: text, Name: unnamed",2024-06-04 13:47:16
Input Field,"Type: hidden, Name: emselectbox_sort",2024-06-04 13:47:16
Input Field,"Type: hidden, Name: unnamed",2024-06-04 13:47:16
Input Field,"Type: hidden, Name: unnamed",2024-06-04 13:47:16
Input Field,"Type: hidden, Name: unnamed",2024-06-04 13:47:16
Input Field,"Type: hidden, Name: unnamed",2024-06-04 13:47:16
Input Field,"Type: hidden, Name: unnamed",2024-06-04 13:47:16
Input Field,"Type: hidden, Name: unnamed",2024-06-04 13:47:16
Input Field,"Type: hidden, Name: unnamed",2024-06-04 13:47:16
Input Field,"Type: hidden, Name: unnamed",2024-06-04 13:47:16
Input Field,"Type: hidden, Name: cnid",2024-06-04 13:47:16
Input Field,"Type: hidden, Name: actcontrol",2024-06-04 13:47:16
Input Field,"Type: hidden, Name: lang",2024-06-04 13:47:16
Input Field,"Type: hidden, Name: pgNr",2024-06-04 13:47:16
Input Field,"Type: hidden, Name: cl",2024-06-04 13:47:16
Input Field,"Type: hidden, Name: fnc",2024-06-04 13:47:16
Input Field,"Type: hidden, Name: aid",2024-06-04 13:47:16
Input Field,"Type: hidden, Name: anid",2024-06-04 13:47:16
Input Field,"Type: hidden, Name: am",2024-06-04 13:47:16
Input Field,"Type: hidden, Name: am",2024-06-04 13:47:16
Input Field,"Type: hidden, Name: cnid",2024-06-04 13:47:16
Input Field,"Type: hidden, Name: actcontrol",2024-06-04 13:47:16
Input Field,"Type: hidden, Name: lang",2024-06-04 13:47:16
Input Field,"Type: hidden, Name: pgNr",2024-06-04 13:47:16
Input Field,"Type: hidden, Name: cl",2024-06-04 13:47:16
Input Field,"Type: hidden, Name: fnc",2024-06-04 13:47:16
Input Field,"Type: hidden, Name: aid",2024-06-04 13:47:16
Input Field,"Type: hidden, Name: anid",2024-06-04 13:47:16
Input Field,"Type: hidden, Name: am",2024-06-04 13:47:16
Input Field,"Type: hidden, Name: am",2024-06-04 13:47:16
Input Field,"Type: hidden, Name: cnid",2024-06-04 13:47:16
Input Field,"Type: hidden, Name: actcontrol",2024-06-04 13:47:16
Input Field,"Type: hidden, Name: lang",2024-06-04 13:47:16
Input Field,"Type: hidden, Name: pgNr",2024-06-04 13:47:16
Input Field,"Type: hidden, Name: cl",2024-06-04 13:47:16
Input Field,"Type: hidden, Name: fnc",2024-06-04 13:47:16
Input Field,"Type: hidden, Name: aid",2024-06-04 13:47:16
Input Field,"Type: hidden, Name: anid",2024-06-04 13:47:16
Input Field,"Type: hidden, Name: am",2024-06-04 13:47:16
Input Field,"Type: hidden, Name: am",2024-06-04 13:47:16
Input Field,"Type: hidden, Name: cnid",2024-06-04 13:47:16
Input Field,"Type: hidden, Name: actcontrol",2024-06-04 13:47:16
Input Field,"Type: hidden, Name: lang",2024-06-04 13:47:16
Input Field,"Type: hidden, Name: pgNr",2024-06-04 13:47:16
Input Field,"Type: hidden, Name: cl",2024-06-04 13:47:16
Input Field,"Type: hidden, Name: fnc",2024-06-04 13:47:16
Input Field,"Type: hidden, Name: aid",2024-06-04 13:47:16
Input Field,"Type: hidden, Name: anid",2024-06-04 13:47:16
Input Field,"Type: hidden, Name: am",2024-06-04 13:47:16
Input Field,"Type: hidden, Name: am",2024-06-04 13:47:16
Input Field,"Type: hidden, Name: cnid",2024-06-04 13:47:16
Input Field,"Type: hidden, Name: actcontrol",2024-06-04 13:47:16
Input Field,"Type: hidden, Name: lang",2024-06-04 13:47:16
Input Field,"Type: hidden, Name: pgNr",2024-06-04 13:47:16
Input Field,"Type: hidden, Name: cl",2024-06-04 13:47:16
Input Field,"Type: hidden, Name: fnc",2024-06-04 13:47:16
Input Field,"Type: hidden, Name: aid",2024-06-04 13:47:16
Input Field,"Type: hidden, Name: anid",2024-06-04 13:47:16
Input Field,"Type: hidden, Name: am",2024-06-04 13:47:16
Input Field,"Type: hidden, Name: am",2024-06-04 13:47:16
Input Field,"Type: hidden, Name: cnid",2024-06-04 13:47:16
Input Field,"Type: hidden, Name: actcontrol",2024-06-04 13:47:16
Input Field,"Type: hidden, Name: lang",2024-06-04 13:47:16
Input Field,"Type: hidden, Name: pgNr",2024-06-04 13:47:16
Input Field,"Type: hidden, Name: cl",2024-06-04 13:47:16
Input Field,"Type: hidden, Name: fnc",2024-06-04 13:47:16
Input Field,"Type: hidden, Name: aid",2024-06-04 13:47:16
Input Field,"Type: hidden, Name: anid",2024-06-04 13:47:16
Input Field,"Type: hidden, Name: am",2024-06-04 13:47:16
Input Field,"Type: hidden, Name: am",2024-06-04 13:47:16
Input Field,"Type: hidden, Name: cnid",2024-06-04 13:47:16
Input Field,"Type: hidden, Name: actcontrol",2024-06-04 13:47:16
Input Field,"Type: hidden, Name: lang",2024-06-04 13:47:16
Input Field,"Type: hidden, Name: pgNr",2024-06-04 13:47:16
Input Field,"Type: hidden, Name: cl",2024-06-04 13:47:16
Input Field,"Type: hidden, Name: fnc",2024-06-04 13:47:16
Input Field,"Type: hidden, Name: aid",2024-06-04 13:47:16
Input Field,"Type: hidden, Name: anid",2024-06-04 13:47:16
Input Field,"Type: hidden, Name: am",2024-06-04 13:47:16
Input Field,"Type: hidden, Name: am",2024-06-04 13:47:16
Input Field,"Type: hidden, Name: cnid",2024-06-04 13:47:16
Input Field,"Type: hidden, Name: actcontrol",2024-06-04 13:47:16
Input Field,"Type: hidden, Name: lang",2024-06-04 13:47:16
Input Field,"Type: hidden, Name: pgNr",2024-06-04 13:47:16
Input Field,"Type: hidden, Name: cl",2024-06-04 13:47:16
Input Field,"Type: hidden, Name: fnc",2024-06-04 13:47:16
Input Field,"Type: hidden, Name: aid",2024-06-04 13:47:16
Input Field,"Type: hidden, Name: anid",2024-06-04 13:47:16
Input Field,"Type: hidden, Name: am",2024-06-04 13:47:16
Input Field,"Type: hidden, Name: am",2024-06-04 13:47:16
Input Field,"Type: hidden, Name: cnid",2024-06-04 13:47:16
Input Field,"Type: hidden, Name: actcontrol",2024-06-04 13:47:16
Input Field,"Type: hidden, Name: lang",2024-06-04 13:47:16
Input Field,"Type: hidden, Name: pgNr",2024-06-04 13:47:16
Input Field,"Type: hidden, Name: cl",2024-06-04 13:47:16
Input Field,"Type: hidden, Name: fnc",2024-06-04 13:47:16
Input Field,"Type: hidden, Name: aid",2024-06-04 13:47:16
Input Field,"Type: hidden, Name: anid",2024-06-04 13:47:16
Input Field,"Type: hidden, Name: am",2024-06-04 13:47:16
Input Field,"Type: hidden, Name: am",2024-06-04 13:47:16
Input Field,"Type: hidden, Name: cnid",2024-06-04 13:47:16
Input Field,"Type: hidden, Name: actcontrol",2024-06-04 13:47:16
Input Field,"Type: hidden, Name: lang",2024-06-04 13:47:16
Input Field,"Type: hidden, Name: pgNr",2024-06-04 13:47:16
Input Field,"Type: hidden, Name: cl",2024-06-04 13:47:16
Input Field,"Type: hidden, Name: fnc",2024-06-04 13:47:16
Input Field,"Type: hidden, Name: aid",2024-06-04 13:47:16
Input Field,"Type: hidden, Name: anid",2024-06-04 13:47:16
Input Field,"Type: hidden, Name: am",2024-06-04 13:47:16
Input Field,"Type: hidden, Name: am",2024-06-04 13:47:16
Input Field,"Type: hidden, Name: cnid",2024-06-04 13:47:16
Input Field,"Type: hidden, Name: actcontrol",2024-06-04 13:47:16
Input Field,"Type: hidden, Name: lang",2024-06-04 13:47:16
Input Field,"Type: hidden, Name: pgNr",2024-06-04 13:47:16
Input Field,"Type: hidden, Name: cl",2024-06-04 13:47:16
Input Field,"Type: hidden, Name: fnc",2024-06-04 13:47:16
Input Field,"Type: hidden, Name: aid",2024-06-04 13:47:16
Input Field,"Type: hidden, Name: anid",2024-06-04 13:47:16
Input Field,"Type: hidden, Name: am",2024-06-04 13:47:16
Input Field,"Type: hidden, Name: am",2024-06-04 13:47:16
Input Field,"Type: hidden, Name: cnid",2024-06-04 13:47:16
Input Field,"Type: hidden, Name: actcontrol",2024-06-04 13:47:16
Input Field,"Type: hidden, Name: lang",2024-06-04 13:47:16
Input Field,"Type: hidden, Name: pgNr",2024-06-04 13:47:16
Input Field,"Type: hidden, Name: cl",2024-06-04 13:47:16
Input Field,"Type: hidden, Name: fnc",2024-06-04 13:47:16
Input Field,"Type: hidden, Name: aid",2024-06-04 13:47:16
Input Field,"Type: hidden, Name: anid",2024-06-04 13:47:16
Input Field,"Type: hidden, Name: am",2024-06-04 13:47:16
Input Field,"Type: hidden, Name: am",2024-06-04 13:47:16
Input Field,"Type: hidden, Name: cnid",2024-06-04 13:47:16
Input Field,"Type: hidden, Name: actcontrol",2024-06-04 13:47:16
Input Field,"Type: hidden, Name: lang",2024-06-04 13:47:16
Input Field,"Type: hidden, Name: pgNr",2024-06-04 13:47:16
Input Field,"Type: hidden, Name: cl",2024-06-04 13:47:16
Input Field,"Type: hidden, Name: fnc",2024-06-04 13:47:16
Input Field,"Type: hidden, Name: aid",2024-06-04 13:47:16
Input Field,"Type: hidden, Name: anid",2024-06-04 13:47:16
Input Field,"Type: hidden, Name: am",2024-06-04 13:47:16
Input Field,"Type: hidden, Name: am",2024-06-04 13:47:16
Input Field,"Type: hidden, Name: cnid",2024-06-04 13:47:16
Input Field,"Type: hidden, Name: actcontrol",2024-06-04 13:47:16
Input Field,"Type: hidden, Name: lang",2024-06-04 13:47:16
Input Field,"Type: hidden, Name: pgNr",2024-06-04 13:47:16
Input Field,"Type: hidden, Name: cl",2024-06-04 13:47:16
Input Field,"Type: hidden, Name: fnc",2024-06-04 13:47:16
Input Field,"Type: hidden, Name: aid",2024-06-04 13:47:16
Input Field,"Type: hidden, Name: anid",2024-06-04 13:47:16
Input Field,"Type: hidden, Name: am",2024-06-04 13:47:16
Input Field,"Type: hidden, Name: am",2024-06-04 13:47:16
Input Field,"Type: hidden, Name: cnid",2024-06-04 13:47:16
Input Field,"Type: hidden, Name: actcontrol",2024-06-04 13:47:16
Input Field,"Type: hidden, Name: lang",2024-06-04 13:47:16
Input Field,"Type: hidden, Name: pgNr",2024-06-04 13:47:16
Input Field,"Type: hidden, Name: cl",2024-06-04 13:47:16
Input Field,"Type: hidden, Name: fnc",2024-06-04 13:47:16
Input Field,"Type: hidden, Name: aid",2024-06-04 13:47:16
Input Field,"Type: hidden, Name: anid",2024-06-04 13:47:16
Input Field,"Type: hidden, Name: am",2024-06-04 13:47:16
Input Field,"Type: hidden, Name: am",2024-06-04 13:47:16
Input Field,"Type: hidden, Name: cnid",2024-06-04 13:47:16
Input Field,"Type: hidden, Name: actcontrol",2024-06-04 13:47:16
Input Field,"Type: hidden, Name: lang",2024-06-04 13:47:16
Input Field,"Type: hidden, Name: pgNr",2024-06-04 13:47:16
Input Field,"Type: hidden, Name: cl",2024-06-04 13:47:16
Input Field,"Type: hidden, Name: fnc",2024-06-04 13:47:16
Input Field,"Type: hidden, Name: aid",2024-06-04 13:47:16
Input Field,"Type: hidden, Name: anid",2024-06-04 13:47:16
Input Field,"Type: hidden, Name: am",2024-06-04 13:47:16
Input Field,"Type: hidden, Name: am",2024-06-04 13:47:16
Input Field,"Type: hidden, Name: lang",2024-06-04 13:47:16
Input Field,"Type: hidden, Name: cnid",2024-06-04 13:47:16
Input Field,"Type: hidden, Name: actcontrol",2024-06-04 13:47:16
Input Field,"Type: hidden, Name: cl",2024-06-04 13:47:16
Input Field,"Type: hidden, Name: fnc",2024-06-04 13:47:16
Input Field,"Type: hidden, Name: anid",2024-06-04 13:47:16
Input Field,"Type: text, Name: email",2024-06-04 13:47:16
Input Field,"Type: hidden, Name: unnamed",2024-06-04 13:47:16
Input Field,"Type: hidden, Name: unnamed",2024-06-04 13:47:16
Input Field,"Type: hidden, Name: unnamed",2024-06-04 13:47:16
Input Field,"Type: hidden, Name: unnamed",2024-06-04 13:47:16
Input Field,"Type: hidden, Name: unnamed",2024-06-04 13:47:16
Input Field,"Type: hidden, Name: unnamed",2024-06-04 13:47:16
Input Field,"Type: hidden, Name: unnamed",2024-06-04 13:47:16
Input Field,"Type: hidden, Name: unnamed",2024-06-04 13:47:16
Input Field,"Type: hidden, Name: unnamed",2024-06-04 13:47:16
Input Field,"Type: hidden, Name: unnamed",2024-06-04 13:47:16
Input Field,"Type: hidden, Name: unnamed",2024-06-04 13:47:16
Input Field,"Type: hidden, Name: unnamed",2024-06-04 13:47:16
Input Field,"Type: hidden, Name: unnamed",2024-06-04 13:47:16
Input Field,"Type: hidden, Name: unnamed",2024-06-04 13:47:16
Input Field,"Type: hidden, Name: unnamed",2024-06-04 13:47:16
Input Field,"Type: hidden, Name: unnamed",2024-06-04 13:47:16
Input Field,"Type: hidden, Name: unnamed",2024-06-04 13:47:16
Input Field,"Type: hidden, Name: unnamed",2024-06-04 13:47:16
Input Field,"Type: hidden, Name: unnamed",2024-06-04 13:47:16
Input Field,"Type: hidden, Name: unnamed",2024-06-04 13:47:16
Input Field,"Type: hidden, Name: unnamed",2024-06-04 13:47:16
Input Field,"Type: hidden, Name: unnamed",2024-06-04 13:47:16
Input Field,"Type: hidden, Name: unnamed",2024-06-04 13:47:16
Input Field,"Type: hidden, Name: lang",2024-06-04 13:47:16
Input Field,"Type: hidden, Name: cnid",2024-06-04 13:47:16
Input Field,"Type: hidden, Name: actcontrol",2024-06-04 13:47:16
Input Field,"Type: hidden, Name: sourcecl",2024-06-04 13:47:16
Input Field,"Type: hidden, Name: cl",2024-06-04 13:47:16
Input Field,"Type: hidden, Name: pgNr",2024-06-04 13:47:16
Input Field,"Type: hidden, Name: place",2024-06-04 13:47:16
Input Field,"Type: hidden, Name: parentlink",2024-06-04 13:47:16
Button,Buscar,2024-06-04 13:47:16
Button,Iniciar sesión,2024-06-04 13:47:16
Button,Buscar,2024-06-04 13:47:16
Button,Agregar al carrito,2024-06-04 13:47:16
Button,Agregar al carrito,2024-06-04 13:47:16
Button,Agregar al carrito,2024-06-04 13:47:16
Button,Agregar al carrito,2024-06-04 13:47:16
Button,Agregar al carrito,2024-06-04 13:47:16
Button,Agregar al carrito,2024-06-04 13:47:16
Button,Agregar al carrito,2024-06-04 13:47:16
Button,Agregar al carrito,2024-06-04 13:47:16
Button,Agregar al carrito,2024-06-04 13:47:16
Button,Agregar al carrito,2024-06-04 13:47:16
Button,Agregar al carrito,2024-06-04 13:47:16
Button,Agregar al carrito,2024-06-04 13:47:16
Button,Agregar al carrito,2024-06-04 13:47:16
Button,Agregar al carrito,2024-06-04 13:47:16
Button,Agregar al carrito,2024-06-04 13:47:16
Button,Agregar al carrito,2024-06-04 13:47:16
Button,Notificarme,2024-06-04 13:47:16
Button,Conocer más,2024-06-04 13:47:16
Button,,2024-06-04 13:47:16
Button,,2024-06-04 13:47:16
Button,close,2024-06-04 13:47:16
Button,Cerrar,2024-06-04 13:47:16
Button,Ir a configuración,2024-06-04 13:47:16
Button,Cerrar,2024-06-04 13:47:16
Button,Ir a configuración,2024-06-04 13:47:16
Button,Cerrar,2024-06-04 13:47:16
Button,"No, regresar",2024-06-04 13:47:16
Button,"Si, proceder",2024-06-04 13:47:16
Button,"No, regresar",2024-06-04 13:47:16
Button,"Si, proceder",2024-06-04 13:47:16
